"","Year","mngmt.divisions","mngmt.area","deep.bound","shallow.bound","no.stations","CPUE.mean","CPUE.bootmean","CPUE.lo95ci","CPUE.hi95ci","CPUE.var","CPUE.cv","WCPUE.mean","WCPUE.bootmean","WCPUE.lo95ci","WCPUE.hi95ci","WCPUE.var","WCPUE.cv"
"1",2025,"SEdist","CSEO",250,0,6,0.0234843119510417,0.0233573652375,0.00339784474166667,0.0498119739760417,0.00014348114122318,0.512364403275921,0.0875554389240656,0.0875554389240656,0.0126680223109222,0.185711604165308,0.00196104978508507,0.505251543576083
"2",2025,"SEdist","SSEO",250,0,24,0.0388910858273438,0.0368332691375,0.0155008897182552,0.0641501633069531,0.00015981573625926,0.33342143432347,0.155832848329174,0.150084563410463,0.0685963388881243,0.277149107580686,0.00283971797180636,0.341660967094204
"3",2025,"SEdist","EYKT",250,0,3,0,0,0,0,0,NA,0,0,0,0,0,NA
"4",2024,"SEdist","CSEO",250,0,14,0.0853712563013393,0.0844137148803571,0.0462979491426005,0.129035487031596,0.000438030521901556,0.245614617774355,0.310403641234379,0.308990473754773,0.178601022751284,0.465686680017932,0.00557422568421809,0.240719655436781
"5",2024,"SEdist","SSEO",250,0,28,0.0376137588296875,0.0373744261768973,0.0234772629033036,0.0535028681244364,5.92810636875659e-05,0.204689362548916,0.138386197819433,0.13929732772576,0.0876497087032721,0.199905597415483,0.000825926485228422,0.205102651662003
"6",2024,"SEdist","NSEO",250,0,4,0.050430856475,0.050430856475,0.0084905713125,0.1107715379875,0.000676338071431927,0.520863644737502,0.178142212758399,0.178142212758399,0.0299921370945095,0.391289941655592,0.00837843004902751,0.514767586560221
"7",2023,"SEdist","CSEO",250,0,21,0.0677084389830357,0.0655281902303571,0.0303259454477455,0.113170548628728,0.000437552987120296,0.313928157150793,0.24108581978757,0.234499685143835,0.111984397887587,0.393509250146557,0.00530007571534408,0.301562108042463
"8",2023,"SEdist","SSEO",250,0,38,0.0471548230787829,0.0467809533606086,0.0265858798663322,0.0737043842143339,0.000145348625175917,0.252998560947548,0.170722584975378,0.168824744816412,0.0939024119501822,0.258883170694822,0.00178025043063586,0.24696172805563
"9",2023,"SEdist","EYKT",250,0,47,0.0128134527374113,0.0125656002221631,0.00490571005320479,0.0225114513846808,1.99473536834755e-05,0.345483280414574,0.0573760104590869,0.0557542249969073,0.0213871634187282,0.0970910976093585,0.000389854135245899,0.348107543153171
"10",2023,"SEdist","NSEO",250,0,8,0.008919342446875,0.008919342446875,0,0.0229673068007031,3.93589524610556e-05,0.707827438569487,0.0329998648888484,0.0329998648888484,0,0.0801425290157747,0.000495482288710776,0.657803972336891
"11",2022,"SEdist","CSEO",250,0,21,0.056797482233631,0.0551876382705357,0.0260286396410714,0.0954083825910938,0.000338289632886593,0.322465790019878,0.197381119050287,0.189084078401228,0.0805418669769642,0.329913181093412,0.00411371832738401,0.330918972711018
"12",2022,"SEdist","SSEO",250,0,15,0.0322452042875,0.0319183065739583,0.0151008646674167,0.05539422235525,0.000104896561907903,0.313398753466655,0.116742769235372,0.114173387442955,0.0491242890024977,0.192809464898306,0.00134094720198363,0.317441794804659
"13",2022,"SEdist","EYKT",250,0,27,0.0215029382782407,0.0202945666125,0.00496493390454861,0.0411692993016088,9.34032918926838e-05,0.461450076440956,0.0943055937454532,0.0928824161832735,0.02225293546948,0.184283177309319,0.00180182850694486,0.447147139010939
"14",2022,"SEdist","NSEO",250,0,5,0.0176610305471429,0.0176610305471429,0.00084161309,0.0349326362571429,8.07638054283804e-05,0.519634510423972,0.0633305320634799,0.0633305320634799,0.00301793287990842,0.125264629073571,0.0010962973146003,0.522117856237976
"15",2021,"SEdist","CSEO",250,0,20,0.0524940389671875,0.0506757299148437,0.02369232813075,0.0876336003232813,0.000295806998179982,0.330609716487098,0.182425905996898,0.178006164207057,0.080324699225415,0.30428520844138,0.00339509301285775,0.322816536790504
"16",2021,"SEdist","SSEO",250,0,37,0.0224326401862641,0.0220482459872944,0.0127754459457502,0.0335334887814478,2.73162924536324e-05,0.233477042199278,0.0795564783420475,0.0787922605515289,0.0454976380069101,0.115445808129386,0.000309184338982853,0.220572715299345
"17",2021,"SEdist","EYKT",250,0,41,0.0151573516015244,0.0146392046592988,0.00667994643595274,0.0270207405467149,2.82078413573858e-05,0.349069841275344,0.0646176560977659,0.061972156670691,0.026456140099855,0.112756323844096,0.000518229929302079,0.355830366818755
"18",2021,"SEdist","NSEO",250,0,7,0.0742383366133929,0.0742383366133929,0,0.171871130562946,0.00203327273134992,0.593206616782689,0.264554739515631,0.264554739515631,0.0105354420056288,0.574777432553792,0.023344199234461,0.584015856716135
"19",2020,"SEdist","CSEO",250,0,20,0.0472817501134375,0.0460553659775,0.0165902104481797,0.0880035037631016,0.000323665022250475,0.38141969880585,0.164547045923374,0.163037817239308,0.0587449778303812,0.303303128113137,0.00359249917252925,0.363528945795905
"20",2020,"SEdist","SSEO",250,0,39,0.0271340297316163,0.0263410636848443,0.012156862344284,0.0435153789574628,6.4720146359503e-05,0.29878107886197,0.0947728362144971,0.0943602394202547,0.0468815267802019,0.152950147370684,0.000769920605958056,0.2909557396828
"21",2020,"SEdist","EYKT",250,0,49,0.0130019389983418,0.012685358334949,0.00530804138995536,0.0217209549605485,1.83305140263023e-05,0.329060484239372,0.0533266024639164,0.0506270067960647,0.0195897570781881,0.0902111285534774,0.000345738414040841,0.357449366514189
"22",2020,"SEdist","NSEO",250,0,8,0.0129246444320313,0.0124809131914062,0.002508513826875,0.0277712145289062,4.83440481930832e-05,0.532549190362037,0.0462748521879398,0.043105852040204,0.00989473350334974,0.0983717288992536,0.000564813414037786,0.520341233565565
"23",2019,"SEdist","CSEO",250,0,20,0.0332076527003571,0.0323082443098214,0.0176046029402679,0.0499693828550357,6.8704149590004e-05,0.253888664189642,0.115885951342398,0.115542847816329,0.065618232116199,0.174829231398686,0.000830721608732724,0.247800570005081
"24",2019,"SEdist","SSEO",250,0,37,0.0225821977997097,0.0215368190382232,0.0108808021857829,0.0372490985689134,4.81092720313443e-05,0.309205464179104,0.0788743490960928,0.0761372450970719,0.0368849234611025,0.129534181154389,0.000556591365259012,0.302664117352748
"25",2019,"SEdist","EYKT",250,0,41,0.00669028167351916,0.00645483019581882,0.00232070068205575,0.0120981061055052,5.98696766154811e-06,0.369197857842082,0.0266262390743518,0.0255988518464495,0.00972641596024387,0.0487343929328968,0.000102692536923625,0.380249801931907
"26",2019,"SEdist","NSEO",250,0,8,0.0289536488455107,0.0289277796535339,0.0108228229531845,0.050070652503236,0.000102095277908575,0.349211148008221,0.101997193775099,0.0987439486080823,0.0377801897196472,0.163660880935242,0.00109059902709709,0.332081297967245
"27",2018,"SEdist","CSEO",250,0,19,0.0331051660625818,0.0327380922291044,0.0171032172246319,0.052675251408905,9.16213508730049e-05,0.287515086368894,0.120288832053003,0.118617397055896,0.0618613827123088,0.18577120105517,0.00105013239713459,0.270844641842313
"28",2018,"SEdist","SSEO",250,0,39,0.0259833400955936,0.0254581184875197,0.0124118583187582,0.0435719260461087,6.77421151647441e-05,0.315604410473833,0.092344309526775,0.0889992135559592,0.0416265083711382,0.159928603487445,0.000921298696666953,0.329801175084067
"29",2018,"SEdist","EYKT",250,0,44,0.0109519728877029,0.0108361760337865,0.00586071854174513,0.0171728429076836,8.55738391741712e-06,0.266068911264995,0.0432270458458746,0.0428906308434638,0.0222272235034417,0.0669081981760363,0.000129257883245788,0.261920426675751
"30",2018,"SEdist","NSEO",250,0,6,0.0168995542952381,0.0168995542952381,0,0.0417011934952381,0.000125385346862732,0.656352020796159,0.0598101157041522,0.0598101157041522,0,0.147586922375475,0.00157942710008896,0.655253628992787
"31",2017,"SEdist","CSEO",250,0,18,0.0247776709177778,0.0236259960497222,0.00753854743197222,0.0485302917330694,0.000102848386086383,0.413227788953981,0.0885624751946857,0.0875917959208143,0.0282024730254086,0.167151844829037,0.00130182139293652,0.404829799164823
"32",2017,"SEdist","SSEO",250,0,34,0.0236342180741176,0.0232240041641176,0.0134944474237794,0.0353340241068162,3.28182888088256e-05,0.242109385058647,0.0835004855504239,0.0818148981900075,0.0464676426708058,0.124266170953186,0.000416685817290029,0.244754692809628
"33",2017,"SEdist","EYKT",250,0,48,0.0221429024552083,0.0217092251075,0.0098936718065625,0.0359172749131875,4.63651941102743e-05,0.308716633037001,0.0857856300937417,0.085489042608698,0.0379973919694759,0.146477875760023,0.000801488979446657,0.323971951431838
"34",2017,"SEdist","NSEO",250,0,7,0.0103504107428571,0.0103504107428571,0,0.0258760268571429,4.02334018922895e-05,0.607658938453149,0.038372254461324,0.038372254461324,0,0.0767445089226481,0.000506424139368381,0.593885578464266
"35",2016,"SEdist","CSEO",250,0,18,0.0375728544592593,0.036450206443287,0.0163954206263657,0.063136072347581,0.000140778981439767,0.320043713868142,0.132425828006498,0.13166309111217,0.0554479839466432,0.223830776091086,0.00167090370823859,0.306122940135645
"36",2016,"SEdist","SSEO",250,0,34,0.0268078323339638,0.0258722246193984,0.00898965542148532,0.05680365215759,0.000157690988019953,0.463310600455875,0.0934861201773945,0.0883503688297681,0.0306431236382964,0.191881095990944,0.00183542080060474,0.45724535076083
"37",2016,"SEdist","EYKT",250,0,47,0.0109670821714196,0.0104480592300361,0.00455133756780056,0.0195301664568354,1.42001254366264e-05,0.347441691163775,0.0430676758276632,0.0420216240826495,0.018944769680307,0.0766272721054228,0.000209659190783875,0.333286244001701
"38",2016,"SEdist","NSEO",250,0,8,0.0119284127531688,0.0117091417010854,0.00266340616041667,0.0249123425657563,3.86864446044815e-05,0.527001671603358,0.0448985456029272,0.0421635837513375,0.0100250607878083,0.0914645542172249,0.000517192643113559,0.534845127518132
"39",2015,"SEdist","CSEO",250,0,17,0.0294507321316522,0.0298978950205586,0.0138501317664942,0.0476733061302264,7.76170373823478e-05,0.294036127315961,0.10227494910159,0.100308191531386,0.0447207725844465,0.171472241022065,0.00103250400120759,0.31558257177226
"40",2015,"SEdist","SSEO",250,0,32,0.0193142989399497,0.0190080310932665,0.0107537318930686,0.0285123046727461,2.16915069117509e-05,0.241906803633112,0.0682741464191951,0.0688025874970329,0.0382482978005432,0.101439628507433,0.000275443154024677,0.23929464787983
"41",2015,"SEdist","EYKT",250,0,48,0.00984063296008179,0.00961403638240765,0.00494452299145925,0.0156172746082471,7.70486625328104e-06,0.283613194966486,0.038983133943071,0.038405500389379,0.0181347529125321,0.0608648712153139,0.000124527539944135,0.289826957006467
"42",2015,"SEdist","NSEO",250,0,5,0.0146278001477095,0.0146278001477095,0.00204553395862069,0.0298011978711401,4.96421431801075e-05,0.473108207888916,0.0577751221859691,0.0577751221859691,0.00807920351669319,0.117705179925019,0.000788137882515553,0.486548983353835
"43",2014,"SEdist","CSEO",250,0,17,0.0328468966544556,0.0318461915634061,0.0144143479839098,0.0555142413923502,0.000118994676615636,0.331842421665356,0.11179764521152,0.107599843201838,0.041523622879035,0.197530340326004,0.00157817866678049,0.356421955036733
"44",2014,"SEdist","SSEO",250,0,35,0.0254327652091173,0.0252860151802298,0.0140432442154321,0.0375836247261674,3.62108246308211e-05,0.237769792629936,0.0899023226849156,0.0897052150079146,0.0517978536075575,0.134009405634669,0.000447744688389594,0.23287293554924
"45",2014,"SEdist","EYKT",250,0,47,0.0108056484364039,0.010595482039913,0.00364436018583252,0.0206943858832809,1.87366316283572e-05,0.391462012396343,0.0398558926935674,0.0386940576036212,0.0148404098550899,0.071921150794333,0.00023752911475475,0.384231733787976
"46",2014,"SEdist","NSEO",250,0,6,0.0170651233030404,0.0170651233030404,0.00321560999404762,0.032253630830076,5.46148672268536e-05,0.42480094055212,0.0598246601397325,0.0594865472372721,0.011272861708626,0.11632673904899,0.000703333733167769,0.446245172120857
"47",2013,"SEdist","CSEO",250,0,16,0.0294158925513946,0.0287218662151042,0.014561973147022,0.0469097551810993,6.69954925057444e-05,0.277557509907898,0.093796679151909,0.0935442953503808,0.0471257246495559,0.146247169583367,0.000666840393648972,0.275953571016229
"48",2013,"SEdist","SSEO",250,0,35,0.0214765786120307,0.020053796285063,0.00658023614505077,0.0410397115112011,8.16428297050373e-05,0.42999316157762,0.0759175923133431,0.0720657219924843,0.027615249294716,0.142302076610432,0.000902535315992529,0.397932142632703
"49",2013,"SEdist","EYKT",250,0,45,0.00803263554043924,0.00767126957617998,0.00340660089069154,0.0127278210976539,6.29979394476336e-06,0.320479021470776,0.032641880925079,0.0318336073979508,0.0146456429032061,0.0534104249451578,0.000101679943960687,0.309755594081999
"50",2013,"SEdist","NSEO",250,0,8,0.0294526222301646,0.0294526222301646,0.00818517943541667,0.053520735830077,0.000127666587993705,0.37916468987216,0.0987283595044512,0.0957561931712287,0.0268867720403229,0.172171548591522,0.00140379849505583,0.384311488263703
"51",2012,"SEdist","CSEO",250,0,16,0.0395525864594996,0.0387540247855791,0.0185186252003328,0.0656131942034967,0.000143871678572868,0.301729778401231,0.134674273257965,0.134539939768427,0.0652817487354445,0.217160285199122,0.0015939165111993,0.291992370047894
"52",2012,"SEdist","SSEO",250,0,34,0.0202780073071961,0.0199358297534142,0.00677095016447482,0.0365295764607498,6.01158826238948e-05,0.381970220834905,0.0745406418967509,0.0713815902827101,0.023166864470002,0.135204992390061,0.000889923332461646,0.404994655765533
"53",2012,"SEdist","EYKT",250,0,48,0.0124932116588542,0.0122586947213542,0.00568408450018229,0.0203245915863802,1.40465313797416e-05,0.300957477472654,0.0546142170289255,0.0535168079386813,0.0255444557308257,0.0943907336670454,0.000322614620511966,0.325990247984634
"54",2012,"SEdist","NSEO",250,0,8,0.016410765109375,0.01521617811875,0.001947708184375,0.03785770161875,9.91718439489916e-05,0.62046115764463,0.0550106508276233,0.0510062666696323,0,0.133469013671946,0.00134878212475409,0.660135006677634
"55",2011,"SEdist","CSEO",250,0,18,0.0286924870347528,0.0274552434537802,0.00834062886725465,0.0612079214811716,0.000173245724609803,0.451432513209318,0.0923658127556295,0.0882181340993441,0.0284427856412253,0.188426328510972,0.00178745005365332,0.452881205738811
"56",2011,"SEdist","SSEO",250,0,31,0.0193233410371945,0.0189690562981305,0.00940043361857099,0.030636354537313,3.00277069282054e-05,0.283468585442974,0.0678117343980776,0.0660883637460809,0.0324341860115394,0.110231475409779,0.000405387412556945,0.299567355252391
"57",2011,"SEdist","EYKT",250,0,48,0.00831422698229167,0.00824630376197917,0.00391381753868056,0.0131047991777083,5.80892090152644e-06,0.29171464180685,0.0361651588434506,0.0350584658301741,0.0169373419218361,0.0581281183882361,0.000116466968742088,0.304027615958124
"58",2011,"SEdist","NSEO",250,0,6,0.0155898180738944,0.015316842736932,0.00402929490555556,0.0310741211445326,5.41150719803748e-05,0.47421166820164,0.0578646396960673,0.0573998431792376,0.0154203076609652,0.117364041983445,0.000717327470322733,0.45748956447739
"59",2010,"SEdist","CSEO",250,0,18,0.045172946787528,0.043909601052299,0.0174158606221108,0.0841603567307219,0.000328600544666806,0.392250434799056,0.158763814238385,0.151679835129161,0.0572188219126764,0.306085475949406,0.00433356338293531,0.4111358019921
"60",2010,"SEdist","SSEO",250,0,35,0.0242272589672495,0.0241399801498848,0.0135501866241822,0.0366921539697319,3.7745425929343e-05,0.251885968987127,0.0818235292853907,0.0831870125353092,0.0456361368076893,0.128517167136772,0.000475736016093524,0.260366777684265
"61",2010,"SEdist","EYKT",250,0,44,0.0141563436599432,0.0137323409232955,0.00572771895757812,0.0235857383393111,2.16896837626589e-05,0.333266089248784,0.0599673606930316,0.0567008971217538,0.0239284693199147,0.106019585291133,0.000412250063239457,0.346915791449797
"62",2010,"SEdist","NSEO",250,0,8,0.008608604533977,0.00832185481640625,0.00188623226402344,0.016370844551355,1.43793141621666e-05,0.445996995507223,0.0312101926180557,0.0306368487417437,0.00594893621198873,0.0588916181912235,0.000193053073273968,0.447799747865939
"63",2009,"SEdist","CSEO",250,0,18,0.0240909379535714,0.0226477570291667,0.00837053489654762,0.045549051723998,9.96265596612291e-05,0.418874221101395,0.0860645526154583,0.0817632492672283,0.0282637659240894,0.165198661051625,0.0012257745496386,0.410097623663381
"64",2009,"SEdist","SSEO",250,0,35,0.0198408386487451,0.0200847944778123,0.00835659933316175,0.0326739787848933,4.03585415040211e-05,0.317710915574806,0.072090836908559,0.0706838014852348,0.0313235875904737,0.120967282111072,0.000505061930606111,0.312103638547823
"65",2009,"SEdist","EYKT",250,0,47,0.0119872687018011,0.0116613219597911,0.00535867362863602,0.020168418174237,1.48108591852651e-05,0.320099928542789,0.0477863279474572,0.0466210674723464,0.0209863071944012,0.0779400422147798,0.000222758316319082,0.317625164110195
"66",2009,"SEdist","NSEO",250,0,7,0.0126485236846939,0.0121776142112245,0.00137737815918367,0.0314942394704082,7.14190051672901e-05,0.676822092182415,0.0453719975397662,0.0436827803627797,0.00494084527235653,0.112974177175899,0.000893575504182153,0.663984228281483
"67",2008,"SEdist","CSEO",250,0,18,0.0244029405253994,0.02391069713364,0.010671290592047,0.0400675875865408,5.8393057095453e-05,0.315192102867135,0.0782894131629037,0.0779538044701276,0.0314698784874045,0.132141156915457,0.000655788115834735,0.323418481782694
"68",2008,"SEdist","SSEO",250,0,35,0.0120849602335778,0.012154239724415,0.0066310218140789,0.0181276577265102,8.52334317231898e-06,0.240201050125516,0.0411273264936907,0.0398038283696617,0.0234045126490314,0.0590190896402365,8.73117664193466e-05,0.230814353491485
"69",2008,"SEdist","EYKT",250,0,48,0.0106593290341546,0.0102648236516663,0.00341793037282301,0.0202245092237314,1.89579456365736e-05,0.404760013131108,0.0392121313745305,0.0369078374634961,0.0110408062461617,0.0739297736599449,0.00025523648324049,0.412883725834634
"70",2008,"SEdist","NSEO",250,0,7,0.0189192356589899,0.0186406790755758,0.00265494036002304,0.0427463317421798,0.000111831737052091,0.552653311635795,0.0681939272093857,0.0627286529167307,0.00956966829527499,0.144508450283967,0.00136143813362161,0.550702685485158
"71",2007,"SEdist","CSEO",250,0,19,0.0252822939081605,0.0240090343689213,0.0083332627101889,0.0485058571604175,0.000106645573960148,0.409053742676458,0.0755739433877507,0.0713780553939271,0.0279394753521824,0.139735622167577,0.000893459306617854,0.400122434247837
"72",2007,"SEdist","SSEO",250,0,34,0.0295606704153097,0.0293599001047861,0.0140311154513532,0.0470867186421489,7.25411611343467e-05,0.286251888598579,0.0962008987310587,0.0942827275160207,0.0473355602638154,0.155257821114893,0.00075965188170931,0.286878988354444
"73",2007,"SEdist","EYKT",250,0,50,0.0053875288632,0.0053634224514,0.00201008486636,0.00993788884599,4.11158304723803e-06,0.370600409837658,0.0222430433672265,0.0213884084560958,0.00729809461949954,0.0400900415899415,7.16918354443238e-05,0.383911972762259
"74",2007,"SEdist","NSEO",250,0,8,0.00504331376625,0.00495054269,0.001296422045,0.0096643895425,4.73054212493365e-06,0.435427494223141,0.0181785024547925,0.0181798995023063,0.00283944464541275,0.035017240587411,6.33613197811184e-05,0.430211784597726
"75",2006,"SEdist","CSEO",250,0,19,0.0273396474688596,0.0269070531383772,0.0144086047870614,0.0430745845758553,5.1502173440429e-05,0.262380549886828,0.0817237936382724,0.0808804435776531,0.0398311513548846,0.129968814968203,0.000505580343867671,0.276492900084448
"76",2006,"SEdist","SSEO",250,0,33,0.0285235296954158,0.02799667170103,0.0148201247697663,0.0443165680181405,5.77228781065026e-05,0.2695866985989,0.0928256752343447,0.0907984767213139,0.0457679679113369,0.143072727140241,0.000616580577989731,0.270207620370134
"77",2006,"SEdist","EYKT",250,0,49,0.00594082733979592,0.00583084179336735,0.00218134475123724,0.0104088848737032,4.55213063511766e-06,0.35903764645699,0.0245274008755468,0.0242629184343783,0.00952654672769616,0.0446714887184288,8.01769479267635e-05,0.364225615177647
"78",2006,"SEdist","NSEO",250,0,8,0.0261937530958333,0.0250245341145833,0.00451124225208333,0.0588014465470833,0.000224140762015784,0.579948011593685,0.0944147493140983,0.0823685072897812,0.012046242024317,0.207748895497129,0.00292759680787447,0.613641477023966
"79",2005,"SEdist","CSEO",250,0,17,0.0440250660983193,0.044197160112395,0.0246980649070693,0.0666377160005567,0.000113383523932901,0.240036750998921,0.131599919890277,0.129960134165706,0.0741918823204679,0.196555516553217,0.000937377668944352,0.231597096300367
"80",2005,"SEdist","SSEO",250,0,36,0.0368476575492072,0.0362874401708055,0.0194472323018182,0.0573041312182496,9.91909774767549e-05,0.270417793744585,0.119915337594378,0.116230186837331,0.0573404664421883,0.179920089503589,0.00101653550223916,0.268484317745062
"81",2005,"SEdist","EYKT",250,0,48,0.00639225349296948,0.0061588659251911,0.00239932504052865,0.0111674674415322,5.31865266016521e-06,0.362921713738675,0.0263911665753886,0.0253973502197223,0.00959795868999989,0.0492792838098583,0.000103744064071502,0.38698868607409
"82",2005,"SEdist","NSEO",250,0,7,0.0121210090776832,0.011203592992101,0.001128702918037,0.0253996621738658,4.19130484336362e-05,0.537959758297922,0.0436898839702893,0.0436898839702893,0,0.0939933761104394,0.000509416646993018,0.523310076910576
"83",2004,"SEdist","CSEO",250,0,18,0.0246271225967593,0.0237821333763889,0.0109931744368866,0.042318058726412,6.51195241243341e-05,0.33134064525118,0.0736155024418073,0.0732590268953613,0.0337831069182557,0.128759565671654,0.000597627063632757,0.326354562430218
"84",2004,"SEdist","SSEO",250,0,34,0.0203366336399429,0.0203946819629922,0.00988090635868634,0.03259157273361,3.55258871307762e-05,0.289838440356973,0.0661826137851579,0.0663974356916404,0.0307065804000611,0.110083410547237,0.000401134308452817,0.298142171864209
"85",2004,"SEdist","EYKT",250,0,47,0.0109043189068171,0.0107288782774554,0.00470885420887213,0.0191080538801202,1.30122831512603e-05,0.329042821224633,0.0419671298283429,0.0400676479552548,0.0161171898411812,0.0741168328901449,0.000213800835988834,0.352316885968349
"86",2004,"SEdist","NSEO",250,0,8,0.0155817532291667,0.0148511117270833,0.00146128300416667,0.039427635036875,0.000118098462648022,0.713762800731867,0.0561640525366305,0.055265234231813,0.00526715923489768,0.142093486138399,0.00155030727655595,0.680348511010667
"87",2003,"SEdist","CSEO",250,0,19,0.027045483337186,0.0268212524730667,0.0115994791884492,0.046196846660039,7.52379811886175e-05,0.318946326323366,0.0812423067676064,0.0805420261170545,0.0338184184081661,0.12995368649241,0.000680395268358078,0.322594723850344
"88",2003,"SEdist","SSEO",250,0,34,0.044209748265,0.0443876733102941,0.0207271696317353,0.0718887528189338,0.000179202742464425,0.301163023287161,0.150777555652175,0.150487881845305,0.0709040840641314,0.247595803062216,0.00211172924414511,0.301063475644578
"89",2003,"SEdist","EYKT",250,0,46,0.0071177709775003,0.00695205613790403,0.00324035250987617,0.0114409725469616,4.20961337218681e-06,0.290713023892715,0.0306204852156487,0.0303523879864253,0.0152263376604599,0.0502556561172974,8.36590089681605e-05,0.294118315050359
"90",2003,"SEdist","NSEO",250,0,8,0.020546853565,0.02005984121,0.00399818064,0.041120086945,9.39057860179634e-05,0.470685740783898,0.0740606365737466,0.0723052123227061,0.0157662635710446,0.139689640629355,0.00110807526665923,0.458817932503205
"91",2002,"SEdist","CSEO",250,0,19,0.0229405691769041,0.0229499570387396,0.0105327822550053,0.0379811146861406,5.04974265881909e-05,0.305570695292362,0.0722490475248899,0.0722678004020004,0.0330660997913702,0.119729456397793,0.000538251434317602,0.314674612325366
"92",2002,"SEdist","SSEO",250,0,33,0.0456121379977288,0.0448640823068962,0.0223421181938523,0.0720650969697917,0.000174743796856235,0.293068580190462,0.156085903276535,0.153753639652203,0.0762867423856461,0.244798308179272,0.00197942821213153,0.286109273190103
"93",2002,"SEdist","EYKT",250,0,49,0.00417266049361959,0.0041335721836894,0.00158938395074649,0.00721124319371919,1.98002193492063e-06,0.334881542629115,0.0179506884049354,0.0177001070278659,0.00782802365581472,0.0300177472079655,3.4652779501592e-05,0.325753751135253
"94",2002,"SEdist","NSEO",250,0,8,0.014547582595,0.01378635577625,0.0016488913325,0.03505543360125,9.25084892836015e-05,0.655770946901839,0.0524364095060341,0.0497629744411515,0.00543044525184412,0.128644544339132,0.00123340609719956,0.659799341105556
"95",2001,"SEdist","CSEO",250,0,16,0.0270197254521875,0.0259096512920313,0.0110061780545313,0.0445699439389375,7.3935422266666e-05,0.323200760208719,0.0885573994290044,0.0858702390155849,0.039500415368243,0.149725873186903,0.000840372637612761,0.326165737167405
"96",2001,"SEdist","SSEO",250,0,34,0.0324715103555446,0.0307386898381296,0.0131852415003911,0.0552505717762633,0.000130316465485651,0.357559697198609,0.10610102741152,0.102531860617262,0.0473943729380462,0.187190587269727,0.00132329780625756,0.342777147761047
"97",2001,"SEdist","EYKT",250,0,47,0.00821708083671102,0.00804802000970908,0.00329100809747677,0.014238285474589,7.68222064943217e-06,0.339085460609889,0.0353496906646276,0.0350807352380201,0.014109914607395,0.0596620631517771,0.000137362243901235,0.331645555266438
"98",2001,"SEdist","NSEO",250,0,8,0.0076394061903125,0.0076394061903125,0,0.0172459306034375,1.92665523082785e-05,0.558982253516595,0.0275360547886381,0.0256751476268217,0,0.0579668875236579,0.000223826179531777,0.555308814724377
"99",2000,"SEdist","CSEO",250,0,18,0.0248913767480267,0.0242088535571917,0.0120519597047586,0.0387060382300661,4.52789769431511e-05,0.274807182802605,0.0789764621581858,0.0765882475667721,0.0367530954723175,0.11992139356891,0.000448209061598378,0.27235896899003
"100",2000,"SEdist","SSEO",250,0,34,0.0337070485543782,0.0335329341501132,0.0171170535917812,0.0551468926081614,0.000100007822669984,0.29327615439841,0.117168613201069,0.114358412102328,0.0593778176196264,0.193449492331119,0.00118783452513775,0.294601444777152
"101",2000,"SEdist","EYKT",250,0,46,0.0117026990257764,0.0113756319388199,0.00568046763868401,0.0185836113933657,1.17059358382538e-05,0.296101738491458,0.0433666017590579,0.0425334434963611,0.0213093969777024,0.0733530872160551,0.000167385912764138,0.295245304741566
"102",2000,"SEdist","NSEO",250,0,6,0.0106417566238095,0.0105790651095238,0.00102926808095238,0.0250918351952381,4.19464913187768e-05,0.591108662521848,0.0383579542886676,0.0359101886934893,0.00370997189614574,0.0867329410045611,0.000534739278648531,0.606669495768614
"103",1999,"SEdist","CSEO",250,0,18,0.0288267950172924,0.0282599816185411,0.012329293145384,0.0504036738819708,9.50308317955728e-05,0.337221124122734,0.0915915469264043,0.0884513419079498,0.0383068694371348,0.157268862284099,0.000964497988796318,0.339072294218985
"104",1999,"SEdist","SSEO",250,0,36,0.026478106239352,0.0259539815484156,0.0127877846979727,0.0422897531661299,5.54354809823529e-05,0.284011881318826,0.0801769973076964,0.0783259287087746,0.0402446563970175,0.130944688023186,0.000523477225467217,0.287633359059938
"105",1999,"SEdist","EYKT",250,0,47,0.0147885648671543,0.0144267521003324,0.00618111680062168,0.0240901907527992,2.01488754611355e-05,0.306557742129313,0.0558467400569823,0.0538297519786554,0.0212735476291377,0.0915743886929842,0.000317983641684462,0.323818998626148
"106",1999,"SEdist","NSEO",250,0,8,0.0134955739294017,0.0129246213914063,0.001975227428125,0.0268529059804049,3.97140753903392e-05,0.472287430929412,0.0486444697227075,0.048296663486459,0.010508370156347,0.0971336434202605,0.000508770511626501,0.462286669827031
"107",1998,"SEdist","CSEO",250,0,15,0.0801967690854167,0.0795148687972917,0.0383191515462083,0.128505088329281,0.000536346732821973,0.289178612254253,0.244758642703477,0.242714851591836,0.114662972346369,0.40413329970802,0.00550991500177879,0.30148366959919
"108",1998,"SEdist","SSEO",250,0,37,0.0317141669455181,0.0314944028187369,0.0159356317765357,0.0492523533756828,7.30691531325956e-05,0.26944645376073,0.0969441037475437,0.0961076238681675,0.0481750515582379,0.151931963676451,0.000691524842255784,0.269510124098858
"109",1998,"SEdist","EYKT",250,0,48,0.0200400622676525,0.0196132631042039,0.00880719948992374,0.0329050836782561,3.96958437665931e-05,0.314506060135081,0.0814384544606367,0.0800744907303984,0.0370659246837135,0.137772096301044,0.000673336390006519,0.314460169054574
"110",1998,"SEdist","NSEO",250,0,8,0.0319228827515625,0.0319228827515625,0.010535590490625,0.0555890058648047,0.000135283310385294,0.365466999825574,0.115065258550199,0.115065258550199,0.0389815409195757,0.207675184775078,0.00187331321864514,0.372301104762787
